id,org_id,module_name,enabled,config,enabled_at,disabled_at,created_at,updated_at
455f3e52-083d-4b7f-8bc0-d0e3daee6c8c,c38cbdac-1e6b-400f-93e0-08995356df1e,notifications,f,{},,,2026-02-14 04:28:36.23847+00,2026-02-14 04:28:36.23847+00
6a292f37-2e32-49c3-9013-79accff41ac5,c38cbdac-1e6b-400f-93e0-08995356df1e,billing,f,{},,,2026-02-14 04:28:36.23847+00,2026-02-14 04:28:36.23847+00
247a1b9f-64fd-4ad2-89d6-700ed71c1e1d,c38cbdac-1e6b-400f-93e0-08995356df1e,file_management,f,{},,,2026-02-14 04:28:36.23847+00,2026-02-14 04:28:36.23847+00
7da6bb21-7ec2-4cb8-be65-aba0754ff91a,c38cbdac-1e6b-400f-93e0-08995356df1e,audit_logging,f,{},,,2026-02-14 04:28:36.23847+00,2026-02-14 04:28:36.23847+00
d3b2d6cf-7e7c-4604-9fab-21eebefd6d13,c38cbdac-1e6b-400f-93e0-08995356df1e,analytics,f,{},,,2026-02-14 04:28:36.23847+00,2026-02-14 04:28:36.23847+00
4a6c7fa9-edb3-4aa3-93ac-8236978ec695,5a9b3161-a138-47b2-980b-8bb5874cec5d,notifications,f,{},,,2026-02-14 04:29:10.643077+00,2026-02-14 04:29:10.643077+00
e2a1647c-8c13-4d3b-8f2d-f72d83dc65a4,5a9b3161-a138-47b2-980b-8bb5874cec5d,billing,f,{},,,2026-02-14 04:29:10.643077+00,2026-02-14 04:29:10.643077+00
1d6e9574-c710-4a6c-939a-f25128daf070,5a9b3161-a138-47b2-980b-8bb5874cec5d,file_management,f,{},,,2026-02-14 04:29:10.643077+00,2026-02-14 04:29:10.643077+00
c0dc3246-f5b8-48e5-8ae0-31ec7f20b825,5a9b3161-a138-47b2-980b-8bb5874cec5d,audit_logging,f,{},,,2026-02-14 04:29:10.643077+00,2026-02-14 04:29:10.643077+00
192121d1-bf69-4f70-b7df-373c07f8afab,5a9b3161-a138-47b2-980b-8bb5874cec5d,analytics,f,{},,,2026-02-14 04:29:10.643077+00,2026-02-14 04:29:10.643077+00
236df3ad-251f-4bf4-9a93-eed0c315e314,f13c1301-7373-4439-96d1-ef0f8535832f,notifications,f,{},,,2026-02-14 04:34:02.04404+00,2026-02-14 04:34:02.04404+00
c3112ff0-863c-48e8-bb17-663718cb321f,f13c1301-7373-4439-96d1-ef0f8535832f,billing,f,{},,,2026-02-14 04:34:02.04404+00,2026-02-14 04:34:02.04404+00
a6e093ee-5a2b-47bf-a067-fa28d187f6dc,f13c1301-7373-4439-96d1-ef0f8535832f,file_management,f,{},,,2026-02-14 04:34:02.04404+00,2026-02-14 04:34:02.04404+00
d65be5f9-cd51-4094-bd26-56ff7ff20a9a,f13c1301-7373-4439-96d1-ef0f8535832f,audit_logging,f,{},,,2026-02-14 04:34:02.04404+00,2026-02-14 04:34:02.04404+00
138509ae-36de-417d-9f5b-79efac613fd5,f13c1301-7373-4439-96d1-ef0f8535832f,analytics,f,{},,,2026-02-14 04:34:02.04404+00,2026-02-14 04:34:02.04404+00
b9c662ac-46d7-4566-beab-2383103db4ee,eb9a2c1d-1b6a-4086-8fc1-1e8fd9737706,billing,f,{},,,2026-02-14 04:43:20.63163+00,2026-02-14 04:43:20.63163+00
85d1b3aa-76e9-4ce3-9d85-2aa960cec927,eb9a2c1d-1b6a-4086-8fc1-1e8fd9737706,file_management,f,{},,,2026-02-14 04:43:20.63163+00,2026-02-14 04:43:20.63163+00
69aff9e4-a6ea-4659-9579-449afaec7c6c,eb9a2c1d-1b6a-4086-8fc1-1e8fd9737706,audit_logging,f,{},,,2026-02-14 04:43:20.63163+00,2026-02-14 04:43:20.63163+00
adaf440e-19e0-49d8-9635-71e95d610601,eb9a2c1d-1b6a-4086-8fc1-1e8fd9737706,analytics,f,{},,,2026-02-14 04:43:20.63163+00,2026-02-14 04:43:20.63163+00
05044088-a4a6-4537-9aa1-37c785471ca7,eb9a2c1d-1b6a-4086-8fc1-1e8fd9737706,notifications,t,{},2026-02-14 04:43:20.774017+00,,2026-02-14 04:43:20.63163+00,2026-02-14 04:43:20.774017+00
32f8d522-86cc-4bff-a979-df42c153d590,24421b5e-6aac-420c-ad42-a63969032702,billing,f,{},,,2026-02-14 04:44:03.608672+00,2026-02-14 04:44:03.608672+00
45d75b69-c7a4-4b59-92f4-172fa30e7f7d,24421b5e-6aac-420c-ad42-a63969032702,file_management,f,{},,,2026-02-14 04:44:03.608672+00,2026-02-14 04:44:03.608672+00
8111d6a9-0d37-4b89-9004-aecfff362787,24421b5e-6aac-420c-ad42-a63969032702,audit_logging,f,{},,,2026-02-14 04:44:03.608672+00,2026-02-14 04:44:03.608672+00
5950d36e-40f9-438c-be7d-2aa2733beb5f,24421b5e-6aac-420c-ad42-a63969032702,analytics,f,{},,,2026-02-14 04:44:03.608672+00,2026-02-14 04:44:03.608672+00
6415d59e-3aaa-48bc-86f1-422cb521d204,24421b5e-6aac-420c-ad42-a63969032702,notifications,t,{},2026-02-14 04:44:03.717853+00,,2026-02-14 04:44:03.608672+00,2026-02-14 04:44:03.717853+00
d3da847e-61b5-4878-a261-2b8cb507b201,0be73761-7939-41ff-ba6e-58786e088a3c,billing,f,{},,,2026-02-14 04:45:07.119679+00,2026-02-14 04:45:07.119679+00
739f8012-5322-4d12-b94b-ae325c1836f2,0be73761-7939-41ff-ba6e-58786e088a3c,file_management,f,{},,,2026-02-14 04:45:07.119679+00,2026-02-14 04:45:07.119679+00
0450b1e6-f432-4fb7-a453-881e1d461a09,0be73761-7939-41ff-ba6e-58786e088a3c,audit_logging,f,{},,,2026-02-14 04:45:07.119679+00,2026-02-14 04:45:07.119679+00
02a4dd19-8063-4ce0-8b4e-bfe15e3d50b8,0be73761-7939-41ff-ba6e-58786e088a3c,analytics,f,{},,,2026-02-14 04:45:07.119679+00,2026-02-14 04:45:07.119679+00
c7b36b80-72df-452e-b8ca-9f685dc4951c,0be73761-7939-41ff-ba6e-58786e088a3c,notifications,t,{},2026-02-14 04:45:07.202138+00,,2026-02-14 04:45:07.119679+00,2026-02-14 04:45:07.202138+00
ccecd036-71ac-43a8-89b0-a694d7b789b3,73699650-bbd6-4c21-a39b-7962e96d6c8c,notifications,f,{},,,2026-02-14 08:16:57.22857+00,2026-02-14 08:16:57.22857+00
373317fe-a2af-4dec-9965-151928cf4c34,73699650-bbd6-4c21-a39b-7962e96d6c8c,billing,f,{},,,2026-02-14 08:16:57.22857+00,2026-02-14 08:16:57.22857+00
77b0496e-e1a6-4fc2-9a4d-79db78d37891,73699650-bbd6-4c21-a39b-7962e96d6c8c,file_management,f,{},,,2026-02-14 08:16:57.22857+00,2026-02-14 08:16:57.22857+00
9ee27cb9-9dde-4598-9e6c-759d08408ff2,73699650-bbd6-4c21-a39b-7962e96d6c8c,audit_logging,f,{},,,2026-02-14 08:16:57.22857+00,2026-02-14 08:16:57.22857+00
d6398c1a-100a-473d-a325-0eb9328764e6,73699650-bbd6-4c21-a39b-7962e96d6c8c,analytics,f,{},,,2026-02-14 08:16:57.22857+00,2026-02-14 08:16:57.22857+00
ec7100ea-11ef-48d7-a401-01e2ed00ac09,f05a3aac-e7e9-4b52-941a-4a31ae915848,notifications,f,{},,,2026-02-14 08:17:21.304844+00,2026-02-14 08:17:21.304844+00
e71a6a73-ced6-4bb1-89b7-198185451eeb,f05a3aac-e7e9-4b52-941a-4a31ae915848,billing,f,{},,,2026-02-14 08:17:21.304844+00,2026-02-14 08:17:21.304844+00
60f60e6d-a58b-4315-b90e-e38d73496efe,f05a3aac-e7e9-4b52-941a-4a31ae915848,file_management,f,{},,,2026-02-14 08:17:21.304844+00,2026-02-14 08:17:21.304844+00
7e377f20-fcd9-406b-a6f5-031d779d00ec,f05a3aac-e7e9-4b52-941a-4a31ae915848,audit_logging,f,{},,,2026-02-14 08:17:21.304844+00,2026-02-14 08:17:21.304844+00
8e775624-3cb5-40fe-ab0e-dd98f3d88e02,f05a3aac-e7e9-4b52-941a-4a31ae915848,analytics,f,{},,,2026-02-14 08:17:21.304844+00,2026-02-14 08:17:21.304844+00
1febfdc5-d57f-4aa3-bfde-db0fa98ba041,8f85c0e3-5477-40d4-adf9-5e0644c1dd7e,notifications,f,{},,,2026-02-14 08:19:04.913144+00,2026-02-14 08:19:04.913144+00
a8dd9443-65b4-4a59-b918-37c9f7786c96,8f85c0e3-5477-40d4-adf9-5e0644c1dd7e,billing,f,{},,,2026-02-14 08:19:04.913144+00,2026-02-14 08:19:04.913144+00
c0bf8403-7867-437a-a186-0ab81fcb4acf,8f85c0e3-5477-40d4-adf9-5e0644c1dd7e,file_management,f,{},,,2026-02-14 08:19:04.913144+00,2026-02-14 08:19:04.913144+00
4e7919a9-0c4a-44a4-b08d-68b166884094,8f85c0e3-5477-40d4-adf9-5e0644c1dd7e,audit_logging,f,{},,,2026-02-14 08:19:04.913144+00,2026-02-14 08:19:04.913144+00
985b2bbf-a54f-4292-b79f-542b823df87e,8f85c0e3-5477-40d4-adf9-5e0644c1dd7e,analytics,f,{},,,2026-02-14 08:19:04.913144+00,2026-02-14 08:19:04.913144+00
b3336a28-32a9-4595-874d-306517a2ecea,def394e0-4158-4dfc-9cec-c81ac494190f,notifications,f,{},,,2026-02-14 08:20:17.730979+00,2026-02-14 08:20:17.730979+00
c354bc7f-d6ad-4e6b-a14b-44475f7457e8,def394e0-4158-4dfc-9cec-c81ac494190f,billing,f,{},,,2026-02-14 08:20:17.730979+00,2026-02-14 08:20:17.730979+00
c997fb80-e900-4edd-b9c9-b10715b51d90,def394e0-4158-4dfc-9cec-c81ac494190f,file_management,f,{},,,2026-02-14 08:20:17.730979+00,2026-02-14 08:20:17.730979+00
81b4d827-6fac-4a2a-98d1-06e3108e72ab,def394e0-4158-4dfc-9cec-c81ac494190f,audit_logging,f,{},,,2026-02-14 08:20:17.730979+00,2026-02-14 08:20:17.730979+00
a50c3798-061f-4e0c-8123-04a26361171e,def394e0-4158-4dfc-9cec-c81ac494190f,analytics,f,{},,,2026-02-14 08:20:17.730979+00,2026-02-14 08:20:17.730979+00
b09d7fb8-0738-44c1-b1dc-ffc1efd7b2c9,e95af8eb-2491-4396-8e66-b1a007d9d367,notifications,f,{},,,2026-02-14 08:23:30.92531+00,2026-02-14 08:23:30.92531+00
07e0e8a2-bfab-4f97-9683-acc339ea9943,e95af8eb-2491-4396-8e66-b1a007d9d367,billing,f,{},,,2026-02-14 08:23:30.92531+00,2026-02-14 08:23:30.92531+00
eb9620ab-70b4-475d-9095-b3437aa4484e,e95af8eb-2491-4396-8e66-b1a007d9d367,file_management,f,{},,,2026-02-14 08:23:30.92531+00,2026-02-14 08:23:30.92531+00
de60e1e5-27f2-492b-bd9a-b2fb378fe5ad,e95af8eb-2491-4396-8e66-b1a007d9d367,audit_logging,f,{},,,2026-02-14 08:23:30.92531+00,2026-02-14 08:23:30.92531+00
e79c5dfb-2e83-4e45-9bc9-cf25fd3ea78f,e95af8eb-2491-4396-8e66-b1a007d9d367,analytics,f,{},,,2026-02-14 08:23:30.92531+00,2026-02-14 08:23:30.92531+00
cb30ed66-568c-4512-a0e9-3cbe93702c6a,dc26ead6-ab33-4a93-9c0f-7d7146bd6b4d,notifications,f,{},,,2026-02-14 08:24:54.612923+00,2026-02-14 08:24:54.612923+00
3abbb5ba-91ee-4862-b2c7-a7407c09c62c,dc26ead6-ab33-4a93-9c0f-7d7146bd6b4d,billing,f,{},,,2026-02-14 08:24:54.612923+00,2026-02-14 08:24:54.612923+00
51efcc8a-6bb4-422f-ac02-0ddbc8eaf572,dc26ead6-ab33-4a93-9c0f-7d7146bd6b4d,file_management,f,{},,,2026-02-14 08:24:54.612923+00,2026-02-14 08:24:54.612923+00
f17ebc7d-557a-4a9e-9c2b-74087078650a,dc26ead6-ab33-4a93-9c0f-7d7146bd6b4d,audit_logging,f,{},,,2026-02-14 08:24:54.612923+00,2026-02-14 08:24:54.612923+00
ca7dd13c-a2d3-476c-82b9-8ed7888a20cd,dc26ead6-ab33-4a93-9c0f-7d7146bd6b4d,analytics,f,{},,,2026-02-14 08:24:54.612923+00,2026-02-14 08:24:54.612923+00
9e050f1d-a8fb-4e3f-b54d-953ff3569c7f,8b937ec0-ee96-499f-b943-02d56285729b,notifications,f,{},,,2026-02-14 08:31:57.837579+00,2026-02-14 08:31:57.837579+00
0e7797e6-26cd-4d6a-9b13-23c8292af2cb,8b937ec0-ee96-499f-b943-02d56285729b,billing,f,{},,,2026-02-14 08:31:57.837579+00,2026-02-14 08:31:57.837579+00
2d3ebf22-9f19-48b1-b66e-f94fb48d1859,8b937ec0-ee96-499f-b943-02d56285729b,file_management,f,{},,,2026-02-14 08:31:57.837579+00,2026-02-14 08:31:57.837579+00
e3967107-b872-46bc-9c25-e846d9f432c3,8b937ec0-ee96-499f-b943-02d56285729b,audit_logging,f,{},,,2026-02-14 08:31:57.837579+00,2026-02-14 08:31:57.837579+00
8305020a-03f6-4425-a906-11344ac39d8b,8b937ec0-ee96-499f-b943-02d56285729b,analytics,f,{},,,2026-02-14 08:31:57.837579+00,2026-02-14 08:31:57.837579+00
9e08f144-152b-4389-a690-33f39eb9b7c8,e74e641a-66e1-4e5c-a8ba-77f5f0c040c1,notifications,f,{},,,2026-02-14 08:38:19.467645+00,2026-02-14 08:38:19.467645+00
5cb55c08-9389-45a8-873f-a45285d5121e,e74e641a-66e1-4e5c-a8ba-77f5f0c040c1,billing,f,{},,,2026-02-14 08:38:19.467645+00,2026-02-14 08:38:19.467645+00
1bc412ae-0405-4e94-b5d2-286561ffb945,e74e641a-66e1-4e5c-a8ba-77f5f0c040c1,file_management,f,{},,,2026-02-14 08:38:19.467645+00,2026-02-14 08:38:19.467645+00
e28bb37e-816f-4b62-b299-2aa50d7aba84,e74e641a-66e1-4e5c-a8ba-77f5f0c040c1,audit_logging,f,{},,,2026-02-14 08:38:19.467645+00,2026-02-14 08:38:19.467645+00
ba5f4255-0922-467d-8573-54512438f7e0,e74e641a-66e1-4e5c-a8ba-77f5f0c040c1,analytics,f,{},,,2026-02-14 08:38:19.467645+00,2026-02-14 08:38:19.467645+00
833902ff-320e-4548-a4af-84a929aa4203,0a2c0507-98c4-4434-b167-118679a0df47,notifications,f,{},,,2026-02-14 08:39:06.120911+00,2026-02-14 08:39:06.120911+00
8abd2ced-7dd0-434f-b1bc-6002dc3859d8,0a2c0507-98c4-4434-b167-118679a0df47,billing,f,{},,,2026-02-14 08:39:06.120911+00,2026-02-14 08:39:06.120911+00
6e5718aa-3fb0-42b8-a6d4-2b82cdc95dbf,0a2c0507-98c4-4434-b167-118679a0df47,file_management,f,{},,,2026-02-14 08:39:06.120911+00,2026-02-14 08:39:06.120911+00
6d3c0634-5dae-4afb-86ba-bb072f6c1317,0a2c0507-98c4-4434-b167-118679a0df47,audit_logging,f,{},,,2026-02-14 08:39:06.120911+00,2026-02-14 08:39:06.120911+00
401392ea-ca92-4afd-a24e-8a852f438b84,0a2c0507-98c4-4434-b167-118679a0df47,analytics,f,{},,,2026-02-14 08:39:06.120911+00,2026-02-14 08:39:06.120911+00
a3022744-fdc2-4f80-9df3-1b2f4a76e91c,31a42578-9309-4418-a709-1519c9aa306e,notifications,f,{},,,2026-02-14 08:53:20.367843+00,2026-02-14 08:53:20.367844+00
f00d47b7-3f31-405b-8456-afc64bf1bd06,31a42578-9309-4418-a709-1519c9aa306e,billing,f,{},,,2026-02-14 08:53:20.367843+00,2026-02-14 08:53:20.367844+00
a5a5a79a-99ce-44f1-b51d-997e7d7dcc2a,31a42578-9309-4418-a709-1519c9aa306e,file_management,f,{},,,2026-02-14 08:53:20.367843+00,2026-02-14 08:53:20.367844+00
bcf972d4-e02a-4956-ae54-503dc96d0083,31a42578-9309-4418-a709-1519c9aa306e,audit_logging,f,{},,,2026-02-14 08:53:20.367843+00,2026-02-14 08:53:20.367844+00
706a70c7-4460-437a-86e0-96e1ecca86c5,31a42578-9309-4418-a709-1519c9aa306e,analytics,f,{},,,2026-02-14 08:53:20.367843+00,2026-02-14 08:53:20.367844+00
c76b77c8-a643-460e-b0f9-2cc0968eebe5,2f0ee7f8-0e43-4787-81db-64d2eba2deba,notifications,f,{},,,2026-02-14 09:01:18.641868+00,2026-02-14 09:01:18.641869+00
cc21e41b-32b6-4857-a51a-6e552fbe7f06,2f0ee7f8-0e43-4787-81db-64d2eba2deba,billing,f,{},,,2026-02-14 09:01:18.641868+00,2026-02-14 09:01:18.641869+00
a8a30f3b-c872-45da-bec0-f5e9f740eea5,2f0ee7f8-0e43-4787-81db-64d2eba2deba,file_management,f,{},,,2026-02-14 09:01:18.641868+00,2026-02-14 09:01:18.641869+00
fb89ce8d-c2b0-40de-b4b0-69087d9f6c21,2f0ee7f8-0e43-4787-81db-64d2eba2deba,audit_logging,f,{},,,2026-02-14 09:01:18.641868+00,2026-02-14 09:01:18.641869+00
ea4fb59a-2e09-4e21-b333-8f030f1ef0f5,2f0ee7f8-0e43-4787-81db-64d2eba2deba,analytics,f,{},,,2026-02-14 09:01:18.641868+00,2026-02-14 09:01:18.641869+00
ab5866b9-d092-47a3-9e54-3984b3a37508,83c991c5-117a-4c49-8b68-7259d095e5a2,notifications,f,{},,,2026-02-14 09:02:22.06356+00,2026-02-14 09:02:22.063561+00
9603874f-88d0-44a1-bb14-341e1c6a4117,83c991c5-117a-4c49-8b68-7259d095e5a2,billing,f,{},,,2026-02-14 09:02:22.06356+00,2026-02-14 09:02:22.063561+00
0b88479b-abc7-4f4e-bcbe-9597ec7c0e06,83c991c5-117a-4c49-8b68-7259d095e5a2,file_management,f,{},,,2026-02-14 09:02:22.06356+00,2026-02-14 09:02:22.063561+00
bb81fa9d-bbd7-4ef0-977f-90d94ebcd3b0,83c991c5-117a-4c49-8b68-7259d095e5a2,audit_logging,f,{},,,2026-02-14 09:02:22.06356+00,2026-02-14 09:02:22.063561+00
42a9467b-299d-49f1-9db4-22f84f5adf38,83c991c5-117a-4c49-8b68-7259d095e5a2,analytics,f,{},,,2026-02-14 09:02:22.06356+00,2026-02-14 09:02:22.063561+00
7b93939a-72c5-48ac-809e-7a1ea0a5ed8b,49be6158-1e61-4404-9035-2ac27582a025,notifications,f,{},,,2026-02-14 09:05:38.563082+00,2026-02-14 09:05:38.563082+00
f2eda5d4-8581-4b64-8697-b3dbde31cc96,49be6158-1e61-4404-9035-2ac27582a025,billing,f,{},,,2026-02-14 09:05:38.563082+00,2026-02-14 09:05:38.563082+00
89b10729-7dcf-4b82-8a26-ef5def3077cf,49be6158-1e61-4404-9035-2ac27582a025,file_management,f,{},,,2026-02-14 09:05:38.563082+00,2026-02-14 09:05:38.563082+00
5fdf4671-c812-403d-8f66-89e0619494fa,49be6158-1e61-4404-9035-2ac27582a025,audit_logging,f,{},,,2026-02-14 09:05:38.563082+00,2026-02-14 09:05:38.563082+00
d5bf1006-b79a-4942-ba09-928111cffc46,49be6158-1e61-4404-9035-2ac27582a025,analytics,f,{},,,2026-02-14 09:05:38.563082+00,2026-02-14 09:05:38.563082+00
521c7714-8348-4dae-86b8-901a9d8741eb,c0bf7951-b680-422f-850e-ad3bc70e533f,notifications,f,{},,,2026-02-14 09:07:00.643243+00,2026-02-14 09:07:00.643243+00
7884c60e-7b84-45fe-bdbd-23770d20b874,c0bf7951-b680-422f-850e-ad3bc70e533f,billing,f,{},,,2026-02-14 09:07:00.643243+00,2026-02-14 09:07:00.643243+00
9724dccd-1cea-45d2-a3f9-17f18fedfce0,c0bf7951-b680-422f-850e-ad3bc70e533f,file_management,f,{},,,2026-02-14 09:07:00.643243+00,2026-02-14 09:07:00.643243+00
c4723031-5ab3-477d-a8ed-8b3fa8a42106,c0bf7951-b680-422f-850e-ad3bc70e533f,audit_logging,f,{},,,2026-02-14 09:07:00.643243+00,2026-02-14 09:07:00.643243+00
21c72016-5c18-4022-8b5e-4dc9f6bf7147,c0bf7951-b680-422f-850e-ad3bc70e533f,analytics,f,{},,,2026-02-14 09:07:00.643243+00,2026-02-14 09:07:00.643243+00
79844f0c-bcdd-4967-88db-683d11374142,e101ec85-a8bf-4922-a411-13006ae36b10,notifications,f,{},,,2026-02-14 09:07:38.143772+00,2026-02-14 09:07:38.143772+00
f4568207-d1a6-482b-9601-d5ed17debc69,e101ec85-a8bf-4922-a411-13006ae36b10,billing,f,{},,,2026-02-14 09:07:38.143772+00,2026-02-14 09:07:38.143772+00
9701cea7-c263-4d50-aad7-a92ff336750f,e101ec85-a8bf-4922-a411-13006ae36b10,file_management,f,{},,,2026-02-14 09:07:38.143772+00,2026-02-14 09:07:38.143772+00
2d03fcc3-60a4-4f00-861c-5773b0212b57,e101ec85-a8bf-4922-a411-13006ae36b10,audit_logging,f,{},,,2026-02-14 09:07:38.143772+00,2026-02-14 09:07:38.143772+00
a7330947-7873-42dc-b2c7-0064c9a790df,e101ec85-a8bf-4922-a411-13006ae36b10,analytics,f,{},,,2026-02-14 09:07:38.143772+00,2026-02-14 09:07:38.143772+00
e2da234f-634f-4718-ad3c-551924fd0049,e146c78b-5126-43f1-96c6-01b238297f46,notifications,f,{},,,2026-02-14 09:34:34.972362+00,2026-02-14 09:34:34.972362+00
07decb7d-b493-4b98-9521-2144a3eb293e,e146c78b-5126-43f1-96c6-01b238297f46,billing,f,{},,,2026-02-14 09:34:34.972362+00,2026-02-14 09:34:34.972362+00
14b5c1f4-13a6-4848-8faa-152c7203ef25,e146c78b-5126-43f1-96c6-01b238297f46,file_management,f,{},,,2026-02-14 09:34:34.972362+00,2026-02-14 09:34:34.972362+00
879443a1-e011-449a-980b-1554cf184ff3,e146c78b-5126-43f1-96c6-01b238297f46,audit_logging,f,{},,,2026-02-14 09:34:34.972362+00,2026-02-14 09:34:34.972362+00
541429ea-928c-447a-8588-709de26c1df3,e146c78b-5126-43f1-96c6-01b238297f46,analytics,f,{},,,2026-02-14 09:34:34.972362+00,2026-02-14 09:34:34.972362+00
facfea10-83d2-432c-940e-ff31c5a856d3,8e252764-dce2-4c93-a3d4-28cc4c1f0361,notifications,f,{},,,2026-02-14 09:39:48.557646+00,2026-02-14 09:39:48.557646+00
bb59c6db-1cbd-4686-a0f7-1b0478e81df1,8e252764-dce2-4c93-a3d4-28cc4c1f0361,billing,f,{},,,2026-02-14 09:39:48.557646+00,2026-02-14 09:39:48.557646+00
f76e0484-ecb0-4480-a610-2c8646f33c4a,8e252764-dce2-4c93-a3d4-28cc4c1f0361,file_management,f,{},,,2026-02-14 09:39:48.557646+00,2026-02-14 09:39:48.557646+00
f082bc7d-5f77-4d37-956f-7ca12e33ba98,8e252764-dce2-4c93-a3d4-28cc4c1f0361,audit_logging,f,{},,,2026-02-14 09:39:48.557646+00,2026-02-14 09:39:48.557646+00
47d1b955-fe2f-404c-9722-cf8164962ad8,8e252764-dce2-4c93-a3d4-28cc4c1f0361,analytics,f,{},,,2026-02-14 09:39:48.557646+00,2026-02-14 09:39:48.557646+00
9cbe2574-f05e-457c-8574-26809e55d1a6,18f788ce-c47a-49db-b7d9-a9265ec43e70,notifications,f,{},,,2026-02-14 09:43:29.765194+00,2026-02-14 09:43:29.765194+00
88dd8373-2a33-48dd-82c2-3ac986b0bc88,18f788ce-c47a-49db-b7d9-a9265ec43e70,billing,f,{},,,2026-02-14 09:43:29.765194+00,2026-02-14 09:43:29.765194+00
544060b0-468b-41d9-a8e7-efc7b8254aeb,18f788ce-c47a-49db-b7d9-a9265ec43e70,file_management,f,{},,,2026-02-14 09:43:29.765194+00,2026-02-14 09:43:29.765194+00
565ac8a1-c3a8-486f-80c0-eb7f85f627eb,18f788ce-c47a-49db-b7d9-a9265ec43e70,audit_logging,f,{},,,2026-02-14 09:43:29.765194+00,2026-02-14 09:43:29.765194+00
566ba324-67e9-4b4c-b339-55613ea51eef,18f788ce-c47a-49db-b7d9-a9265ec43e70,analytics,f,{},,,2026-02-14 09:43:29.765194+00,2026-02-14 09:43:29.765194+00
762359c6-a208-48a4-84c1-77362212c71f,6fb34b40-53fe-4d28-95ce-4f401a5df742,notifications,f,{},,,2026-02-14 09:47:22.703854+00,2026-02-14 09:47:22.703854+00
1267934f-d8f2-40e7-b9f4-055491404f9a,6fb34b40-53fe-4d28-95ce-4f401a5df742,billing,f,{},,,2026-02-14 09:47:22.703854+00,2026-02-14 09:47:22.703854+00
96975069-d229-436a-9828-58f2812ca711,6fb34b40-53fe-4d28-95ce-4f401a5df742,file_management,f,{},,,2026-02-14 09:47:22.703854+00,2026-02-14 09:47:22.703854+00
89cb4550-a1a2-455a-8d1e-24ab268888c4,6fb34b40-53fe-4d28-95ce-4f401a5df742,audit_logging,f,{},,,2026-02-14 09:47:22.703854+00,2026-02-14 09:47:22.703854+00
ea836525-ffcc-4f89-8d76-d0f2fa3664d3,6fb34b40-53fe-4d28-95ce-4f401a5df742,analytics,f,{},,,2026-02-14 09:47:22.703854+00,2026-02-14 09:47:22.703854+00
bf8bae65-aa62-44b9-96f4-a68f74f98a2a,040281a2-ba33-4430-8d92-bcf67aca6d36,notifications,f,{},,,2026-02-14 09:48:25.145454+00,2026-02-14 09:48:25.145454+00
67a6baa3-8fb5-49fe-bade-c066828078e9,040281a2-ba33-4430-8d92-bcf67aca6d36,billing,f,{},,,2026-02-14 09:48:25.145454+00,2026-02-14 09:48:25.145454+00
6f4a775a-7350-4ecd-876f-8763fe2a6e57,040281a2-ba33-4430-8d92-bcf67aca6d36,file_management,f,{},,,2026-02-14 09:48:25.145454+00,2026-02-14 09:48:25.145454+00
297d52f8-8c64-45d5-b36c-eead47110744,040281a2-ba33-4430-8d92-bcf67aca6d36,audit_logging,f,{},,,2026-02-14 09:48:25.145454+00,2026-02-14 09:48:25.145454+00
1dd1fcd3-f8dd-4710-897c-70931f889375,040281a2-ba33-4430-8d92-bcf67aca6d36,analytics,f,{},,,2026-02-14 09:48:25.145454+00,2026-02-14 09:48:25.145454+00
f88a1982-2ff6-485f-a3b9-68587beb4629,7f3d8171-62b7-44dc-949c-ea0d9c1e8873,notifications,f,{},,,2026-02-14 09:52:23.577364+00,2026-02-14 09:52:23.577364+00
6ee62c19-3625-475d-93d0-9eddc3322383,7f3d8171-62b7-44dc-949c-ea0d9c1e8873,billing,f,{},,,2026-02-14 09:52:23.577364+00,2026-02-14 09:52:23.577364+00
70e4d149-060f-41b1-ad55-c40317f9d5d6,7f3d8171-62b7-44dc-949c-ea0d9c1e8873,file_management,f,{},,,2026-02-14 09:52:23.577364+00,2026-02-14 09:52:23.577364+00
ebecc2ab-1267-4650-b6d5-f21593202e6f,7f3d8171-62b7-44dc-949c-ea0d9c1e8873,audit_logging,f,{},,,2026-02-14 09:52:23.577364+00,2026-02-14 09:52:23.577364+00
2b232b3c-2098-4f3e-ba93-beee37c4eaf1,7f3d8171-62b7-44dc-949c-ea0d9c1e8873,analytics,f,{},,,2026-02-14 09:52:23.577364+00,2026-02-14 09:52:23.577364+00
3d63df29-c40a-4e59-8764-51a235a4eccb,3b9f1d07-214b-4404-8b55-bf8c28b8784f,notifications,f,{},,,2026-02-14 09:54:07.669044+00,2026-02-14 09:54:07.669044+00
586ede71-3fab-4215-81c4-71d5c51503b6,3b9f1d07-214b-4404-8b55-bf8c28b8784f,billing,f,{},,,2026-02-14 09:54:07.669044+00,2026-02-14 09:54:07.669044+00
e6683833-c8dc-4e59-955b-d11938028ea3,3b9f1d07-214b-4404-8b55-bf8c28b8784f,file_management,f,{},,,2026-02-14 09:54:07.669044+00,2026-02-14 09:54:07.669044+00
285bb2ee-9a62-498a-8d43-23d3e1684cc1,3b9f1d07-214b-4404-8b55-bf8c28b8784f,audit_logging,f,{},,,2026-02-14 09:54:07.669044+00,2026-02-14 09:54:07.669044+00
633b8d48-0d5c-4ea6-bec0-bb593cf8f1d5,3b9f1d07-214b-4404-8b55-bf8c28b8784f,analytics,f,{},,,2026-02-14 09:54:07.669044+00,2026-02-14 09:54:07.669044+00
22e31f7f-e69d-4542-bec2-31d24b055402,697bc792-c8d5-4021-9505-b42b0610ecad,notifications,f,{},,,2026-02-14 09:57:05.099601+00,2026-02-14 09:57:05.099601+00
bf738d55-a82d-4d89-af24-fa992bc97e9d,697bc792-c8d5-4021-9505-b42b0610ecad,billing,f,{},,,2026-02-14 09:57:05.099601+00,2026-02-14 09:57:05.099601+00
2df4a043-26fb-4b70-8492-b79b11f0f9a6,697bc792-c8d5-4021-9505-b42b0610ecad,file_management,f,{},,,2026-02-14 09:57:05.099601+00,2026-02-14 09:57:05.099601+00
b35b976e-5da6-4e2b-babd-a744a4387c74,697bc792-c8d5-4021-9505-b42b0610ecad,audit_logging,f,{},,,2026-02-14 09:57:05.099601+00,2026-02-14 09:57:05.099601+00
df450b10-c7f1-4829-8468-b68817d94639,697bc792-c8d5-4021-9505-b42b0610ecad,analytics,f,{},,,2026-02-14 09:57:05.099601+00,2026-02-14 09:57:05.099601+00
